Contract Name;Last Traded Date;Strike;Last Price;Bid;Ask;Type;Expiry;;;;;;;;
AAPL250110C00105000;12/03/2024;105;135,41;136,45;140,25;CALL;10/01/2025;;;;;;;;
AAPL250110C00110000;29/11/2024;110;127,73;131,4;135,3;CALL;10/01/2025;;;;;;;;
AAPL250110C00115000;29/11/2024;115;122,76;126,5;130,3;CALL;10/01/2025;;;;;;;;
AAPL250110C00120000;29/11/2024;120;117,47;121,45;125,35;CALL;10/01/2025;;;;;;;;
AAPL250110C00125000;29/11/2024;125;112,46;116,7;120,35;CALL;10/01/2025;;;;;;;;
AAPL250110C00130000;12/03/2024;130;110,55;111,5;115,4;CALL;10/01/2025;;;;;;;;
AAPL250110C00135000;29/11/2024;135;102,95;106,5;110,35;CALL;10/01/2025;;;;;;;;
AAPL250110C00140000;12/03/2024;140;100,6;101,55;104,05;CALL;10/01/2025;;;;;;;;
AAPL250110C00145000;12/03/2024;145;95,68;96,6;99;CALL;10/01/2025;;;;;;;;
AAPL250110C00150000;12/04/2024;150;93,28;93,1;94,25;CALL;10/01/2025;;;;;;;;
AAPL250110C00155000;12/03/2024;155;85,76;88,2;89,25;CALL;10/01/2025;;;;;;;;
AAPL250110C00160000;12/03/2024;160;80,78;83,25;84,3;CALL;10/01/2025;;;;;;;;
AAPL250110C00165000;12/03/2024;165;75,78;78,4;79,15;CALL;10/01/2025;;;;;;;;
AAPL250110C00170000;12/03/2024;170;72,56;71,9;75,65;CALL;10/01/2025;;;;;;;;
AAPL250110C00175000;29/11/2024;175;62,76;67,05;70,7;CALL;10/01/2025;;;;;;;;
AAPL250110C00180000;12/03/2024;180;63,84;61,8;65,7;CALL;10/01/2025;;;;;;;;
AAPL250110C00185000;12/03/2024;185;55,97;57;60,8;CALL;10/01/2025;;;;;;;;
AAPL250110C00190000;12/06/2024;190;54,5;53,7;54,25;CALL;10/01/2025;;;;;;;;
AAPL250110C00195000;12/05/2024;195;48,92;48,7;49,25;CALL;10/01/2025;;;;;;;;
AAPL250110C00200000;12/06/2024;200;44,79;41,95;44,6;CALL;10/01/2025;;;;;;;;
AAPL250110C00205000;12/04/2024;205;39,82;37;39,65;CALL;10/01/2025;;;;;;;;
AAPL250110C00210000;12/06/2024;210;34,41;32,1;35,7;CALL;10/01/2025;;;;;;;;
AAPL250110C00220000;12/06/2024;220;24,77;24,15;24,7;CALL;10/01/2025;;;;;;;;
AAPL250110C00225000;12/06/2024;225;19,7;18,05;19,75;CALL;10/01/2025;;;;;;;;
AAPL250110C00230000;12/06/2024;230;15,28;14,5;15,25;CALL;10/01/2025;;;;;;;;
AAPL250110C00235000;12/06/2024;235;10,72;10,2;11,15;CALL;10/01/2025;;;;;;;;
AAPL250110C00240000;12/06/2024;240;7,2;6,45;7,8;CALL;10/01/2025;;;;;;;;
AAPL250110C00245000;12/06/2024;245;4,3;3,55;4,4;CALL;10/01/2025;;;;;;;;
AAPL250110C00250000;12/06/2024;250;2,38;2,28;2,41;CALL;10/01/2025;;;;;;;;
AAPL250110C00255000;12/06/2024;255;1,19;1,14;1,3;CALL;10/01/2025;;;;;;;;
AAPL250110C00260000;12/06/2024;260;0,66;0,4;0,63;CALL;10/01/2025;;;;;;;;
AAPL250110C00265000;12/06/2024;265;0,31;0,29;0,36;CALL;10/01/2025;;;;;;;;
AAPL250110C00270000;12/06/2024;270;0,18;0,15;0,2;CALL;10/01/2025;;;;;;;;
AAPL250110C00275000;12/06/2024;275;0,13;0,08;0,13;CALL;10/01/2025;;;;;;;;
AAPL250110C00300000;12/04/2024;300;0,04;0;0,04;CALL;10/01/2025;;;;;;;;
AAPL250110P00100000;12/03/2024;100;0,05;0;0,27;PUT;10/01/2025;;;;;;;;
AAPL250110P00110000;12/03/2024;110;0,07;0;0,27;PUT;10/01/2025;;;;;;;;
AAPL250110P00115000;29/11/2024;115;0,12;0;0,03;PUT;10/01/2025;;;;;;;;
AAPL250110P00120000;29/11/2024;120;0,14;0;0,04;PUT;10/01/2025;;;;;;;;
AAPL250110P00125000;12/03/2024;125;0,05;0;0,04;PUT;10/01/2025;;;;;;;;
AAPL250110P00130000;29/11/2024;130;0,1;0;0,04;PUT;10/01/2025;;;;;;;;
AAPL250110P00135000;12/03/2024;135;0,06;0;0,04;PUT;10/01/2025;;;;;;;;
AAPL250110P00140000;12/03/2024;140;0,07;0;0,05;PUT;10/01/2025;;;;;;;;
AAPL250110P00145000;12/03/2024;145;0,08;0;0,05;PUT;10/01/2025;;;;;;;;
AAPL250110P00150000;12/06/2024;150;0,05;0;0,06;PUT;10/01/2025;;;;;;;;
AAPL250110P00155000;12/03/2024;155;0,09;0;0,07;PUT;10/01/2025;;;;;;;;
AAPL250110P00160000;12/03/2024;160;0,09;0;0,08;PUT;10/01/2025;;;;;;;;
AAPL250110P00165000;12/03/2024;165;0,1;0;0,08;PUT;10/01/2025;;;;;;;;
AAPL250110P00170000;12/05/2024;170;0,06;0,04;0,09;PUT;10/01/2025;;;;;;;;
AAPL250110P00175000;29/11/2024;175;0,23;0;0,19;PUT;10/01/2025;;;;;;;;
AAPL250110P00180000;12/03/2024;180;0,12;0,06;0,11;PUT;10/01/2025;;;;;;;;
AAPL250110P00185000;12/06/2024;185;0,08;0;0,36;PUT;10/01/2025;;;;;;;;
AAPL250110P00190000;12/06/2024;190;0,12;0,12;0,14;PUT;10/01/2025;;;;;;;;
AAPL250110P00195000;12/06/2024;195;0,12;0,12;0,16;PUT;10/01/2025;;;;;;;;
AAPL250110P00200000;12/06/2024;200;0,14;0,14;0,18;PUT;10/01/2025;;;;;;;;
AAPL250110P00205000;12/06/2024;205;0,18;0,16;0,21;PUT;10/01/2025;;;;;;;;
AAPL250110P00210000;12/06/2024;210;0,23;0,2;0,25;PUT;10/01/2025;;;;;;;;
AAPL250110P00215000;12/06/2024;215;0,31;0,26;0,31;PUT;10/01/2025;;;;;;;;
AAPL250110P00220000;12/06/2024;220;0,39;0,38;0,41;PUT;10/01/2025;;;;;;;;
AAPL250110P00225000;12/06/2024;225;0,58;0,39;0,63;PUT;10/01/2025;;;;;;;;
AAPL250110P00230000;12/06/2024;230;1;0,87;1,07;PUT;10/01/2025;;;;;;;;
AAPL250110P00235000;12/06/2024;235;1,78;1,45;1,83;PUT;10/01/2025;;;;;;;;
AAPL250110P00240000;12/06/2024;240;3,15;2,7;3,2;PUT;10/01/2025;;;;;;;;
AAPL250110P00245000;12/06/2024;245;5,35;4,25;5,5;PUT;10/01/2025;;;;;;;;
AAPL250110P00250000;12/06/2024;250;8,5;7,5;8,9;PUT;10/01/2025;;;;;;;;
AAPL250417C00110000;14/11/2024;110;119,2;134,3;135,25;CALL;17/04/2025;;;;;;;;
AAPL250417C00115000;26/11/2024;115;122,24;127,8;131,75;CALL;17/04/2025;;;;;;;;
AAPL250417C00120000;12/04/2024;120;125,65;122,9;126,85;CALL;17/04/2025;;;;;;;;
AAPL250417C00125000;12/05/2024;125;119,99;118,65;121,35;CALL;17/04/2025;;;;;;;;
AAPL250417C00130000;12/05/2024;130;115,79;113,85;116,4;CALL;17/04/2025;;;;;;;;
AAPL250417C00135000;12/02/2024;135;107,7;108,9;111,55;CALL;17/04/2025;;;;;;;;
AAPL250417C00140000;12/05/2024;140;105,99;104,1;107,3;CALL;17/04/2025;;;;;;;;
AAPL250417C00145000;12/02/2024;145;97,99;99,1;102,4;CALL;17/04/2025;;;;;;;;
AAPL250417C00150000;12/06/2024;150;96,22;94,45;96,85;CALL;17/04/2025;;;;;;;;
AAPL250417C00155000;12/05/2024;155;91,42;89,35;92,1;CALL;17/04/2025;;;;;;;;
AAPL250417C00160000;12/06/2024;160;87,16;85,6;87,15;CALL;17/04/2025;;;;;;;;
AAPL250417C00165000;29/11/2024;165;75,49;79,65;82,35;CALL;17/04/2025;;;;;;;;
AAPL250417C00170000;12/06/2024;170;77,19;75,1;77,3;CALL;17/04/2025;;;;;;;;
AAPL250417C00175000;12/06/2024;175;71,93;70,2;72,65;CALL;17/04/2025;;;;;;;;
AAPL250417C00180000;12/06/2024;180;67,51;64,65;68,55;CALL;17/04/2025;;;;;;;;
AAPL250417C00185000;12/02/2024;185;63,54;59,85;63,3;CALL;17/04/2025;;;;;;;;
AAPL250417C00190000;12/05/2024;190;57,52;56,45;57,6;CALL;17/04/2025;;;;;;;;
AAPL250417C00195000;12/05/2024;195;52,82;52,1;52,6;CALL;17/04/2025;;;;;;;;
AAPL250417C00200000;12/06/2024;200;48,25;47,5;47,9;CALL;17/04/2025;;;;;;;;
AAPL250417C00205000;12/06/2024;205;43,66;42,95;43,5;CALL;17/04/2025;;;;;;;;
AAPL250417C00210000;12/06/2024;210;39,05;38,55;39,85;CALL;17/04/2025;;;;;;;;
AAPL250417C00215000;12/06/2024;215;34,75;34,2;35,8;CALL;17/04/2025;;;;;;;;
AAPL250417C00220000;12/06/2024;220;30,25;30,1;30,4;CALL;17/04/2025;;;;;;;;
AAPL250417C00225000;12/06/2024;225;26,89;26,15;27,45;CALL;17/04/2025;;;;;;;;
AAPL250417C00230000;12/06/2024;230;22,72;22,35;23,25;CALL;17/04/2025;;;;;;;;
AAPL250417C00235000;12/06/2024;235;19,1;18,9;19,35;CALL;17/04/2025;;;;;;;;
AAPL250417C00240000;12/06/2024;240;15,9;15,75;18;CALL;17/04/2025;;;;;;;;
AAPL250417C00245000;12/06/2024;245;13;12,9;13,7;CALL;17/04/2025;;;;;;;;
AAPL250417C00250000;12/06/2024;250;10,6;10,45;10,85;CALL;17/04/2025;;;;;;;;
AAPL250417C00255000;12/06/2024;255;8,7;8,35;8,55;CALL;17/04/2025;;;;;;;;
AAPL250417C00260000;12/06/2024;260;6,7;6,55;6,8;CALL;17/04/2025;;;;;;;;
AAPL250417C00265000;12/06/2024;265;5,25;5,15;5,25;CALL;17/04/2025;;;;;;;;
AAPL250417C00270000;12/06/2024;270;4,05;3,95;4,1;CALL;17/04/2025;;;;;;;;
AAPL250417C00275000;12/06/2024;275;3,2;3,05;3,15;CALL;17/04/2025;;;;;;;;
AAPL250417C00280000;12/06/2024;280;2,45;2,29;2,45;CALL;17/04/2025;;;;;;;;
AAPL250417C00285000;12/06/2024;285;1,85;1,75;1,83;CALL;17/04/2025;;;;;;;;
AAPL250417C00290000;12/05/2024;290;1,5;1,16;1,4;CALL;17/04/2025;;;;;;;;
AAPL250417C00295000;12/06/2024;295;1,09;1,02;1,08;CALL;17/04/2025;;;;;;;;
AAPL250417C00300000;12/06/2024;300;0,84;0,8;0,83;CALL;17/04/2025;;;;;;;;
AAPL250417C00305000;12/06/2024;305;0,67;0,62;0,66;CALL;17/04/2025;;;;;;;;
AAPL250417C00310000;12/05/2024;310;0,55;0,46;0,54;CALL;17/04/2025;;;;;;;;
AAPL250417C00315000;12/05/2024;315;0,44;0,36;0,44;CALL;17/04/2025;;;;;;;;
AAPL250417C00320000;12/05/2024;320;0,34;0,31;0,42;CALL;17/04/2025;;;;;;;;
AAPL250417C00325000;12/06/2024;325;0,29;0,23;0,29;CALL;17/04/2025;;;;;;;;
AAPL250417C00330000;12/04/2024;330;0,25;0,2;0,23;CALL;17/04/2025;;;;;;;;
AAPL250417C00335000;12/05/2024;335;0,19;0,17;0,19;CALL;17/04/2025;;;;;;;;
AAPL250417C00340000;12/05/2024;340;0,16;0,14;0,17;CALL;17/04/2025;;;;;;;;
AAPL250417P00110000;12/05/2024;110;0,11;0,07;0,12;PUT;17/04/2025;;;;;;;;
AAPL250417P00115000;23/10/2024;115;0,22;0;0,37;PUT;17/04/2025;;;;;;;;
AAPL250417P00120000;12/02/2024;120;0,14;0,01;0,35;PUT;17/04/2025;;;;;;;;
AAPL250417P00125000;12/03/2024;125;0,13;0;0,17;PUT;17/04/2025;;;;;;;;
AAPL250417P00130000;12/03/2024;130;0,15;0,01;0,19;PUT;17/04/2025;;;;;;;;
AAPL250417P00135000;21/11/2024;135;0,26;0,17;0,2;PUT;17/04/2025;;;;;;;;
AAPL250417P00140000;25/11/2024;140;0,25;0,19;0,24;PUT;17/04/2025;;;;;;;;
AAPL250417P00145000;27/11/2024;145;0,25;0;0,25;PUT;17/04/2025;;;;;;;;
AAPL250417P00150000;12/06/2024;150;0,25;0,06;0,28;PUT;17/04/2025;;;;;;;;
AAPL250417P00155000;12/06/2024;155;0,29;0,29;0,32;PUT;17/04/2025;;;;;;;;
AAPL250417P00160000;12/06/2024;160;0,35;0,34;0,36;PUT;17/04/2025;;;;;;;;
AAPL250417P00165000;12/03/2024;165;0,42;0,4;0,42;PUT;17/04/2025;;;;;;;;
AAPL250417P00170000;12/06/2024;170;0,46;0,47;0,49;PUT;17/04/2025;;;;;;;;
AAPL250417P00175000;12/05/2024;175;0,57;0,55;0,58;PUT;17/04/2025;;;;;;;;
AAPL250417P00180000;12/06/2024;180;0,69;0,66;0,69;PUT;17/04/2025;;;;;;;;
AAPL250417P00185000;12/06/2024;185;0,8;0,8;0,83;PUT;17/04/2025;;;;;;;;
AAPL250417P00190000;12/06/2024;190;1;0,77;1,01;PUT;17/04/2025;;;;;;;;
AAPL250417P00195000;12/06/2024;195;1,19;1,15;1,24;PUT;17/04/2025;;;;;;;;
AAPL250417P00200000;12/06/2024;200;1,45;1,48;1,53;PUT;17/04/2025;;;;;;;;
AAPL250417P00205000;12/06/2024;205;1,85;1,77;1,9;PUT;17/04/2025;;;;;;;;
AAPL250417P00210000;12/06/2024;210;2,35;1,94;2,6;PUT;17/04/2025;;;;;;;;
AAPL250417P00215000;12/06/2024;215;2,86;2,68;3,05;PUT;17/04/2025;;;;;;;;
AAPL250417P00220000;12/06/2024;220;3,7;3,6;3,85;PUT;17/04/2025;;;;;;;;
AAPL250417P00225000;12/06/2024;225;4,65;4,6;4,75;PUT;17/04/2025;;;;;;;;
AAPL250417P00230000;12/06/2024;230;5,9;5,8;6;PUT;17/04/2025;;;;;;;;
AAPL250417P00235000;12/06/2024;235;7,4;7,15;7,5;PUT;17/04/2025;;;;;;;;
AAPL250417P00240000;12/06/2024;240;9,17;8,95;9,3;PUT;17/04/2025;;;;;;;;
AAPL250417P00245000;12/06/2024;245;11,25;10;11,5;PUT;17/04/2025;;;;;;;;
AAPL250417P00250000;12/06/2024;250;13,9;13,7;14,1;PUT;17/04/2025;;;;;;;;
AAPL250417P00255000;12/06/2024;255;16,9;16,6;17,65;PUT;17/04/2025;;;;;;;;
AAPL250417P00260000;12/06/2024;260;19,65;19,95;20,8;PUT;17/04/2025;;;;;;;;
AAPL250417P00265000;12/06/2024;265;23,55;23,6;24,7;PUT;17/04/2025;;;;;;;;
AAPL250417P00270000;12/06/2024;270;27,75;27,65;28,35;PUT;17/04/2025;;;;;;;;
AAPL250417P00275000;12/04/2024;275;31,75;31,3;33,65;PUT;17/04/2025;;;;;;;;
AAPL250417P00280000;12/02/2024;280;40,18;35,35;38,8;PUT;17/04/2025;;;;;;;;
AAPL250417P00305000;29/11/2024;305;68,65;60,35;63,75;PUT;17/04/2025;;;;;;;;
AAPL250417P00310000;26/11/2024;310;75,34;65,35;68,75;PUT;17/04/2025;;;;;;;;
AAPL260116C00005000;27/11/2024;5;229,75;235,9;239,8;CALL;16/01/2026;;;;;;;;
AAPL260116C00020000;08/12/2024;20;197,49;200,8;204,7;CALL;16/01/2026;;;;;;;;
AAPL260116C00025000;08/09/2024;25;191,8;194,5;198,25;CALL;16/01/2026;;;;;;;;
AAPL260116C00030000;21/11/2024;30;200,47;211,65;215,6;CALL;16/01/2026;;;;;;;;
AAPL260116C00035000;21/11/2024;35;195,75;206,9;210,9;CALL;16/01/2026;;;;;;;;
AAPL260116C00040000;21/11/2024;40;191,35;202,2;206,15;CALL;16/01/2026;;;;;;;;
AAPL260116C00045000;21/11/2024;45;186,55;197,45;201,4;CALL;16/01/2026;;;;;;;;
AAPL260116C00050000;21/11/2024;50;182,2;192,8;196,65;CALL;16/01/2026;;;;;;;;
AAPL260116C00055000;19/11/2024;55;178,35;188,15;191,95;CALL;16/01/2026;;;;;;;;
AAPL260116C00060000;21/11/2024;60;172,4;183,4;187,2;CALL;16/01/2026;;;;;;;;
AAPL260116C00065000;09/09/2024;65;155,3;165,95;169,05;CALL;16/01/2026;;;;;;;;
AAPL260116C00070000;11/08/2024;70;161,2;173,95;177,7;CALL;16/01/2026;;;;;;;;
AAPL260116C00075000;27/11/2024;75;163,85;169,25;173;CALL;16/01/2026;;;;;;;;
AAPL260116C00080000;12/03/2024;80;165,71;164,75;167,65;CALL;16/01/2026;;;;;;;;
AAPL260116C00085000;10/02/2024;85;145,73;139,9;143,8;CALL;16/01/2026;;;;;;;;
AAPL260116C00090000;12/02/2024;90;150,45;154,95;158,85;CALL;16/01/2026;;;;;;;;
AAPL260116C00095000;12/02/2024;95;149,52;150,25;154,15;CALL;16/01/2026;;;;;;;;
AAPL260116C00100000;12/03/2024;100;145,8;145,6;149,15;CALL;16/01/2026;;;;;;;;
AAPL260116C00105000;12/06/2024;105;143,46;140,85;144,75;CALL;16/01/2026;;;;;;;;
AAPL260116C00110000;12/06/2024;110;137,1;136,15;140,05;CALL;16/01/2026;;;;;;;;
AAPL260116C00115000;12/05/2024;115;133,72;131,4;135,4;CALL;16/01/2026;;;;;;;;
AAPL260116C00120000;12/06/2024;120;128,35;126,8;130,7;CALL;16/01/2026;;;;;;;;
AAPL260116C00125000;21/11/2024;125;111,61;122,15;126,05;CALL;16/01/2026;;;;;;;;
AAPL260116C00130000;12/04/2024;130;120;117,55;121,1;CALL;16/01/2026;;;;;;;;
AAPL260116C00135000;14/11/2024;135;100;112,9;116,8;CALL;16/01/2026;;;;;;;;
AAPL260116C00140000;12/06/2024;140;110,7;108,75;112,2;CALL;16/01/2026;;;;;;;;
AAPL260116C00145000;12/05/2024;145;106,1;103,9;107,65;CALL;16/01/2026;;;;;;;;
AAPL260116C00150000;12/06/2024;150;102,6;99,75;103,1;CALL;16/01/2026;;;;;;;;
AAPL260116C00155000;12/06/2024;155;96,91;94,75;98,55;CALL;16/01/2026;;;;;;;;
AAPL260116C00160000;12/03/2024;160;91,48;91,55;92,6;CALL;16/01/2026;;;;;;;;
AAPL260116C00165000;12/04/2024;165;87,4;87,15;89,6;CALL;16/01/2026;;;;;;;;
AAPL260116C00170000;12/06/2024;170;84,65;82,75;85,2;CALL;16/01/2026;;;;;;;;
AAPL260116C00175000;12/05/2024;175;79,85;78,4;80,2;CALL;16/01/2026;;;;;;;;
AAPL260116C00180000;12/06/2024;180;75,3;74,2;75;CALL;16/01/2026;;;;;;;;
AAPL260116C00185000;12/06/2024;185;70,49;69,95;72,35;CALL;16/01/2026;;;;;;;;
AAPL260116C00190000;12/06/2024;190;66,32;66;66,65;CALL;16/01/2026;;;;;;;;
AAPL260116C00195000;12/06/2024;195;62,7;62;62,6;CALL;16/01/2026;;;;;;;;
AAPL260116C00200000;12/06/2024;200;59,06;58;58,7;CALL;16/01/2026;;;;;;;;
AAPL260116C00205000;12/06/2024;205;54,72;54,1;54,9;CALL;16/01/2026;;;;;;;;
AAPL260116C00210000;12/06/2024;210;51;50,25;50,95;CALL;16/01/2026;;;;;;;;
AAPL260116C00215000;12/06/2024;215;47,37;46,75;47,5;CALL;16/01/2026;;;;;;;;
AAPL260116C00220000;12/06/2024;220;44,16;43,25;43,95;CALL;16/01/2026;;;;;;;;
AAPL260116C00225000;12/06/2024;225;40,27;39,75;40,3;CALL;16/01/2026;;;;;;;;
AAPL260116C00230000;12/06/2024;230;36,7;36,5;37,05;CALL;16/01/2026;;;;;;;;
AAPL260116C00235000;12/06/2024;235;33,71;33,35;33,9;CALL;16/01/2026;;;;;;;;
AAPL260116C00240000;12/06/2024;240;30,78;30,6;31,2;CALL;16/01/2026;;;;;;;;
AAPL260116C00245000;12/06/2024;245;27,95;26,85;28,4;CALL;16/01/2026;;;;;;;;
AAPL260116C00250000;12/06/2024;250;25,4;25,2;25,55;CALL;16/01/2026;;;;;;;;
AAPL260116C00255000;12/06/2024;255;23,23;22,8;23,1;CALL;16/01/2026;;;;;;;;
AAPL260116C00260000;12/06/2024;260;20,8;20,55;20,8;CALL;16/01/2026;;;;;;;;
AAPL260116C00265000;12/06/2024;265;18,68;18,4;18,7;CALL;16/01/2026;;;;;;;;
AAPL260116C00270000;12/06/2024;270;16,6;16,45;16,75;CALL;16/01/2026;;;;;;;;
AAPL260116C00275000;12/06/2024;275;15,05;14,65;15;CALL;16/01/2026;;;;;;;;
AAPL260116C00280000;12/06/2024;280;13,33;13,05;13,5;CALL;16/01/2026;;;;;;;;
AAPL260116C00285000;12/06/2024;285;12,11;11,6;12,05;CALL;16/01/2026;;;;;;;;
AAPL260116C00290000;12/06/2024;290;10,5;10,3;10,6;CALL;16/01/2026;;;;;;;;
AAPL260116C00300000;12/06/2024;300;8,27;8,1;8,45;CALL;16/01/2026;;;;;;;;
AAPL260116C00310000;12/05/2024;310;6,75;6,4;6,55;CALL;16/01/2026;;;;;;;;
AAPL260116C00320000;12/05/2024;320;5,17;4,9;5,2;CALL;16/01/2026;;;;;;;;
AAPL260116C00330000;12/06/2024;330;4;3,8;4;CALL;16/01/2026;;;;;;;;
AAPL260116C00340000;12/06/2024;340;3,04;2,95;3,2;CALL;16/01/2026;;;;;;;;
AAPL260116C00350000;12/06/2024;350;2,48;2,33;2,5;CALL;16/01/2026;;;;;;;;
AAPL260116P00005000;19/11/2024;5;0,01;0;0,03;PUT;16/01/2026;;;;;;;;
AAPL260116P00010000;18/11/2024;10;0,01;0;0,02;PUT;16/01/2026;;;;;;;;
AAPL260116P00030000;29/10/2024;30;0,05;0,01;0,07;PUT;16/01/2026;;;;;;;;
AAPL260116P00035000;22/11/2024;35;0,07;0,02;0,07;PUT;16/01/2026;;;;;;;;
AAPL260116P00040000;11/08/2024;40;0,06;0;0,09;PUT;16/01/2026;;;;;;;;
AAPL260116P00045000;12/06/2024;45;0,09;0,08;0,09;PUT;16/01/2026;;;;;;;;
AAPL260116P00050000;12/02/2024;50;0,1;0,08;0,12;PUT;16/01/2026;;;;;;;;
AAPL260116P00055000;27/11/2024;55;0,13;0;0,16;PUT;16/01/2026;;;;;;;;
AAPL260116P00060000;27/11/2024;60;0,15;0,09;0,18;PUT;16/01/2026;;;;;;;;
AAPL260116P00065000;29/11/2024;65;0,17;0,14;0,19;PUT;16/01/2026;;;;;;;;
AAPL260116P00070000;27/11/2024;70;0,21;0,09;0,24;PUT;16/01/2026;;;;;;;;
AAPL260116P00075000;27/11/2024;75;0,24;0,19;0,25;PUT;16/01/2026;;;;;;;;
AAPL260116P00080000;27/11/2024;80;0,28;0,23;0,28;PUT;16/01/2026;;;;;;;;
AAPL260116P00085000;27/11/2024;85;0,32;0,25;0,31;PUT;16/01/2026;;;;;;;;
AAPL260116P00090000;12/04/2024;90;0,3;0,3;0,35;PUT;16/01/2026;;;;;;;;
AAPL260116P00095000;27/11/2024;95;0,41;0,34;0,39;PUT;16/01/2026;;;;;;;;
AAPL260116P00100000;12/04/2024;100;0,42;0,38;0,45;PUT;16/01/2026;;;;;;;;
AAPL260116P00105000;12/03/2024;105;0,48;0,44;0,51;PUT;16/01/2026;;;;;;;;
AAPL260116P00110000;12/02/2024;110;0,57;0,51;0,58;PUT;16/01/2026;;;;;;;;
AAPL260116P00115000;12/05/2024;115;0,62;0,59;0,66;PUT;16/01/2026;;;;;;;;
AAPL260116P00120000;12/05/2024;120;0,7;0,67;0,75;PUT;16/01/2026;;;;;;;;
AAPL260116P00125000;29/11/2024;125;0,9;0,79;0,85;PUT;16/01/2026;;;;;;;;
AAPL260116P00130000;12/06/2024;130;0,92;0,87;0,96;PUT;16/01/2026;;;;;;;;
AAPL260116P00135000;12/06/2024;135;1,07;0,95;1,1;PUT;16/01/2026;;;;;;;;
AAPL260116P00140000;12/06/2024;140;1,22;1,11;1,26;PUT;16/01/2026;;;;;;;;
AAPL260116P00145000;12/02/2024;145;1,41;1,29;1,51;PUT;16/01/2026;;;;;;;;
AAPL260116P00150000;12/05/2024;150;1,61;1,51;1,72;PUT;16/01/2026;;;;;;;;
AAPL260116P00155000;12/05/2024;155;1,85;1,79;1,98;PUT;16/01/2026;;;;;;;;
AAPL260116P00160000;12/05/2024;160;2,14;2,07;2,25;PUT;16/01/2026;;;;;;;;
AAPL260116P00165000;12/05/2024;165;2,5;2,39;2,58;PUT;16/01/2026;;;;;;;;
AAPL260116P00170000;12/05/2024;170;2,94;2,76;2,86;PUT;16/01/2026;;;;;;;;
AAPL260116P00175000;12/06/2024;175;3,18;3,15;3,35;PUT;16/01/2026;;;;;;;;
AAPL260116P00180000;12/06/2024;180;3,71;3,65;3,9;PUT;16/01/2026;;;;;;;;
AAPL260116P00185000;12/06/2024;185;4,21;4,2;4,4;PUT;16/01/2026;;;;;;;;
AAPL260116P00190000;12/06/2024;190;4,85;4,8;5;PUT;16/01/2026;;;;;;;;
AAPL260116P00195000;12/06/2024;195;5,62;5,55;5,85;PUT;16/01/2026;;;;;;;;
AAPL260116P00200000;12/06/2024;200;6,4;6,35;6,7;PUT;16/01/2026;;;;;;;;
AAPL260116P00205000;12/03/2024;205;7,35;7,3;7,65;PUT;16/01/2026;;;;;;;;
AAPL260116P00210000;12/06/2024;210;8,37;8,3;8,7;PUT;16/01/2026;;;;;;;;
AAPL260116P00215000;12/06/2024;215;9,51;9,45;9,75;PUT;16/01/2026;;;;;;;;
AAPL260116P00220000;12/06/2024;220;10,94;10,75;11,15;PUT;16/01/2026;;;;;;;;
AAPL260116P00225000;12/06/2024;225;12,25;12,15;12,65;PUT;16/01/2026;;;;;;;;
AAPL260116P00230000;12/06/2024;230;14;13,7;14,15;PUT;16/01/2026;;;;;;;;
AAPL260116P00235000;12/06/2024;235;15,63;15,5;16,05;PUT;16/01/2026;;;;;;;;
AAPL260116P00240000;12/06/2024;240;17,64;17,35;17,85;PUT;16/01/2026;;;;;;;;
AAPL260116P00245000;12/06/2024;245;19,77;19,65;20,05;PUT;16/01/2026;;;;;;;;
AAPL260116P00250000;12/06/2024;250;22,2;21,85;22,5;PUT;16/01/2026;;;;;;;;
AAPL260116P00255000;12/06/2024;255;24,35;24,3;24,95;PUT;16/01/2026;;;;;;;;
AAPL260116P00260000;12/06/2024;260;27,15;25,5;27,85;PUT;16/01/2026;;;;;;;;
AAPL260116P00265000;12/06/2024;265;30;28,45;30,95;PUT;16/01/2026;;;;;;;;
AAPL260116P00270000;12/04/2024;270;33,48;33;34,05;PUT;16/01/2026;;;;;;;;
AAPL260116P00275000;25/10/2024;275;46,53;41,85;42,9;PUT;16/01/2026;;;;;;;;
AAPL260116P00280000;12/06/2024;280;40,91;39,6;41,5;PUT;16/01/2026;;;;;;;;
AAPL260116P00285000;31/10/2024;285;58,75;46,65;49,1;PUT;16/01/2026;;;;;;;;
AAPL260116P00290000;12/05/2024;290;48,21;47,4;49,5;PUT;16/01/2026;;;;;;;;
AAPL260116P00300000;12/05/2024;300;56,83;55,45;58,5;PUT;16/01/2026;;;;;;;;
AAPL260116P00310000;31/10/2024;310;79,2;71,8;74,55;PUT;16/01/2026;;;;;;;;
AAPL260116P00330000;11/08/2024;330;101,6;85,35;89,25;PUT;16/01/2026;;;;;;;;
AAPL260116P00340000;09/09/2024;340;120,25;108,8;111,9;PUT;16/01/2026;;;;;;;;
AAPL260116P00350000;26/11/2024;350;115,25;105,35;109,3;PUT;16/01/2026;;;;;;;;
AAPL270115C00005000;12/04/2024;5;238,9;235,9;239,85;CALL;15/01/2027;;;;;;;;
AAPL270115C00010000;12/05/2024;10;233,7;230,95;234,9;CALL;15/01/2027;;;;;;;;
AAPL270115C00015000;12/05/2024;15;229,16;225,5;230,5;CALL;15/01/2027;;;;;;;;
AAPL270115C00020000;14/11/2024;20;208,45;221;226;CALL;15/01/2027;;;;;;;;
AAPL270115C00030000;18/10/2024;30;206,22;199,55;203,1;CALL;15/01/2027;;;;;;;;
AAPL270115C00035000;11/04/2024;35;187,8;208;211,9;CALL;15/01/2027;;;;;;;;
AAPL270115C00040000;18/11/2024;40;191,62;202,5;207,5;CALL;15/01/2027;;;;;;;;
AAPL270115C00045000;11/07/2024;45;184;198;203;CALL;15/01/2027;;;;;;;;
AAPL270115C00050000;12/04/2024;50;196,2;193,5;198,5;CALL;15/01/2027;;;;;;;;
AAPL270115C00060000;26/11/2024;60;177,75;184,5;189,5;CALL;15/01/2027;;;;;;;;
AAPL270115C00070000;12/06/2024;70;178,6;175,5;180,5;CALL;15/01/2027;;;;;;;;
AAPL270115C00080000;22/11/2024;80;156,45;166,85;170,8;CALL;15/01/2027;;;;;;;;
AAPL270115C00085000;11/05/2024;85;144,4;162,7;166,6;CALL;15/01/2027;;;;;;;;
AAPL270115C00090000;11/12/2024;90;142,06;157,5;161,8;CALL;15/01/2027;;;;;;;;
AAPL270115C00100000;12/05/2024;100;151,38;148,9;152,85;CALL;15/01/2027;;;;;;;;
AAPL270115C00105000;12/05/2024;105;146,54;144,45;147,55;CALL;15/01/2027;;;;;;;;
AAPL270115C00110000;12/05/2024;110;142,77;140;142,85;CALL;15/01/2027;;;;;;;;
AAPL270115C00115000;14/11/2024;115;124,05;135,5;140;CALL;15/01/2027;;;;;;;;
AAPL270115C00120000;12/04/2024;120;135,28;131,2;135,15;CALL;15/01/2027;;;;;;;;
AAPL270115C00125000;25/11/2024;125;118,94;126,85;130,8;CALL;15/01/2027;;;;;;;;
AAPL270115C00130000;11/04/2024;130;104,73;122,9;126,8;CALL;15/01/2027;;;;;;;;
AAPL270115C00135000;12/05/2024;135;120,91;118,2;122,15;CALL;15/01/2027;;;;;;;;
AAPL270115C00140000;12/02/2024;140;113,1;113,95;117,85;CALL;15/01/2027;;;;;;;;
AAPL270115C00145000;29/11/2024;145;107,2;109,7;113,65;CALL;15/01/2027;;;;;;;;
AAPL270115C00150000;12/06/2024;150;107,7;105,55;109,45;CALL;15/01/2027;;;;;;;;
AAPL270115C00155000;12/06/2024;155;103;101,6;105,3;CALL;15/01/2027;;;;;;;;
AAPL270115C00160000;12/06/2024;160;99,66;97,6;100,95;CALL;15/01/2027;;;;;;;;
AAPL270115C00165000;12/05/2024;165;96,65;93,5;97;CALL;15/01/2027;;;;;;;;
AAPL270115C00170000;12/06/2024;170;91,62;89,6;92,95;CALL;15/01/2027;;;;;;;;
AAPL270115C00175000;12/06/2024;175;87,86;85,7;89,1;CALL;15/01/2027;;;;;;;;
AAPL270115C00180000;12/06/2024;180;84,2;82,3;84,55;CALL;15/01/2027;;;;;;;;
AAPL270115C00185000;12/05/2024;185;80,38;78,45;81,3;CALL;15/01/2027;;;;;;;;
AAPL270115C00190000;12/06/2024;190;76,37;75,3;77,5;CALL;15/01/2027;;;;;;;;
AAPL270115C00195000;12/05/2024;195;73,3;71,65;74,1;CALL;15/01/2027;;;;;;;;
AAPL270115C00200000;12/06/2024;200;69;67,75;70,4;CALL;15/01/2027;;;;;;;;
AAPL270115C00210000;12/06/2024;210;62,6;61,75;63,65;CALL;15/01/2027;;;;;;;;
AAPL270115C00220000;12/06/2024;220;57,2;55,05;56,05;CALL;15/01/2027;;;;;;;;
AAPL270115C00230000;12/06/2024;230;49,76;48,5;50,7;CALL;15/01/2027;;;;;;;;
AAPL270115C00240000;12/06/2024;240;44;42,95;44,55;CALL;15/01/2027;;;;;;;;
AAPL270115C00250000;12/06/2024;250;38,72;37,7;39,65;CALL;15/01/2027;;;;;;;;
AAPL270115C00260000;12/06/2024;260;34,12;32,95;35,15;CALL;15/01/2027;;;;;;;;
AAPL270115C00270000;12/06/2024;270;30;29,55;30,75;CALL;15/01/2027;;;;;;;;
AAPL270115C00280000;12/06/2024;280;26,1;25,2;26,2;CALL;15/01/2027;;;;;;;;
AAPL270115C00290000;12/06/2024;290;23,15;21,6;23,05;CALL;15/01/2027;;;;;;;;
AAPL270115C00300000;12/06/2024;300;19,55;18,65;19,75;CALL;15/01/2027;;;;;;;;
AAPL270115C00310000;12/06/2024;310;16,83;15,95;17,05;CALL;15/01/2027;;;;;;;;
AAPL270115C00320000;12/06/2024;320;14,18;13,6;14,8;CALL;15/01/2027;;;;;;;;
AAPL270115C00330000;12/06/2024;330;12,52;11,55;12,55;CALL;15/01/2027;;;;;;;;
AAPL270115C00340000;12/06/2024;340;11,25;10,2;11,2;CALL;15/01/2027;;;;;;;;
AAPL270115C00350000;12/06/2024;350;9,22;8,75;9,6;CALL;15/01/2027;;;;;;;;
AAPL270115C00360000;12/06/2024;360;7,7;7;8,35;CALL;15/01/2027;;;;;;;;
AAPL270115C00370000;12/06/2024;370;6,8;6;7,1;CALL;15/01/2027;;;;;;;;
AAPL270115C00380000;12/03/2024;380;5,7;4,95;6;CALL;15/01/2027;;;;;;;;
AAPL270115C00390000;12/06/2024;390;4,94;4,45;5,4;CALL;15/01/2027;;;;;;;;
AAPL270115C00400000;12/06/2024;400;4,22;3,8;4,35;CALL;15/01/2027;;;;;;;;
AAPL270115C00410000;12/06/2024;410;3,6;3,15;4,05;CALL;15/01/2027;;;;;;;;
AAPL270115C00420000;12/06/2024;420;3,22;2,95;3,3;CALL;15/01/2027;;;;;;;;
AAPL270115C00430000;12/06/2024;430;2,77;2,32;3;CALL;15/01/2027;;;;;;;;
AAPL270115C00440000;12/04/2024;440;2,41;1,99;2,8;CALL;15/01/2027;;;;;;;;
AAPL270115C00450000;12/06/2024;450;2,01;2;2,25;CALL;15/01/2027;;;;;;;;
AAPL270115P00005000;12/06/2024;5;0,02;0,01;0,22;PUT;15/01/2027;;;;;;;;
AAPL270115P00010000;26/11/2024;10;0,1;0,01;0,1;PUT;15/01/2027;;;;;;;;
AAPL270115P00040000;11/01/2024;40;0,15;0;0,65;PUT;15/01/2027;;;;;;;;
AAPL270115P00050000;12/06/2024;50;0,22;0,21;0,45;PUT;15/01/2027;;;;;;;;
AAPL270115P00060000;12/06/2024;60;0,29;0,28;0,43;PUT;15/01/2027;;;;;;;;
AAPL270115P00080000;12/04/2024;80;0,71;0;0,98;PUT;15/01/2027;;;;;;;;
AAPL270115P00090000;20/11/2024;90;0,75;0,6;1;PUT;15/01/2027;;;;;;;;
AAPL270115P00095000;11/08/2024;95;0,82;0,67;1,1;PUT;15/01/2027;;;;;;;;
AAPL270115P00100000;12/04/2024;100;0,86;0,8;1,25;PUT;15/01/2027;;;;;;;;
AAPL270115P00105000;12/04/2024;105;0,96;0;1,3;PUT;15/01/2027;;;;;;;;
AAPL270115P00110000;12/05/2024;110;1,15;0,91;1,46;PUT;15/01/2027;;;;;;;;
AAPL270115P00115000;12/04/2024;115;1,3;1,19;1,65;PUT;15/01/2027;;;;;;;;
AAPL270115P00120000;12/05/2024;120;1,56;1,5;1,88;PUT;15/01/2027;;;;;;;;
AAPL270115P00125000;12/06/2024;125;1,75;1,58;2,13;PUT;15/01/2027;;;;;;;;
AAPL270115P00130000;19/11/2024;130;2,48;1,83;2,38;PUT;15/01/2027;;;;;;;;
AAPL270115P00135000;12/03/2024;135;2,19;2,26;2,66;PUT;15/01/2027;;;;;;;;
AAPL270115P00140000;12/06/2024;140;2,57;2,55;3;PUT;15/01/2027;;;;;;;;
AAPL270115P00145000;29/11/2024;145;3,31;2,53;3,1;PUT;15/01/2027;;;;;;;;
AAPL270115P00150000;12/05/2024;150;3,36;3,15;3,5;PUT;15/01/2027;;;;;;;;
AAPL270115P00155000;12/03/2024;155;3,75;3,35;4,25;PUT;15/01/2027;;;;;;;;
AAPL270115P00160000;12/06/2024;160;4,3;3,95;4,45;PUT;15/01/2027;;;;;;;;
AAPL270115P00165000;12/06/2024;165;4,9;4,5;5,45;PUT;15/01/2027;;;;;;;;
AAPL270115P00170000;12/06/2024;170;5,5;5;5,7;PUT;15/01/2027;;;;;;;;
AAPL270115P00175000;12/05/2024;175;6,18;5,65;6,4;PUT;15/01/2027;;;;;;;;
AAPL270115P00180000;12/04/2024;180;6,95;6,4;7,75;PUT;15/01/2027;;;;;;;;
AAPL270115P00185000;26/11/2024;185;8,65;7,55;8,4;PUT;15/01/2027;;;;;;;;
AAPL270115P00190000;12/06/2024;190;8,7;8,2;9,15;PUT;15/01/2027;;;;;;;;
AAPL270115P00195000;12/06/2024;195;9,8;9,1;10,75;PUT;15/01/2027;;;;;;;;
AAPL270115P00200000;12/06/2024;200;10,7;10,3;11,75;PUT;15/01/2027;;;;;;;;
AAPL270115P00210000;12/06/2024;210;13,25;12,8;13,4;PUT;15/01/2027;;;;;;;;
AAPL270115P00220000;12/06/2024;220;16,32;16,05;17,05;PUT;15/01/2027;;;;;;;;
AAPL270115P00230000;12/06/2024;230;19,73;19,15;20,25;PUT;15/01/2027;;;;;;;;
AAPL270115P00240000;12/06/2024;240;23,71;22,9;24,2;PUT;15/01/2027;;;;;;;;
AAPL270115P00250000;12/06/2024;250;28,37;27,45;28,9;PUT;15/01/2027;;;;;;;;
AAPL270115P00260000;12/06/2024;260;33,2;32,6;33,5;PUT;15/01/2027;;;;;;;;
AAPL270115P00270000;12/03/2024;270;39,05;37,75;39,75;PUT;15/01/2027;;;;;;;;
AAPL270115P00280000;12/06/2024;280;45,04;43,25;47,5;PUT;15/01/2027;;;;;;;;
AAPL270115P00290000;12/05/2024;290;51,5;50,1;53,45;PUT;15/01/2027;;;;;;;;
AAPL270115P00300000;12/06/2024;300;59,16;57,65;61,1;PUT;15/01/2027;;;;;;;;
AAPL270115P00320000;12/06/2024;320;75,37;75,35;79,25;PUT;15/01/2027;;;;;;;;
AAPL270115P00330000;12/02/2024;330;89,99;85;89,5;PUT;15/01/2027;;;;;;;;
AAPL270115P00350000;12/06/2024;350;106,51;105,35;109,25;PUT;15/01/2027;;;;;;;;
AAPL270115P00400000;11/06/2024;400;177;155;159,5;PUT;15/01/2027;;;;;;;;
AAPL270115P00430000;14/11/2024;430;203,3;185,35;189,25;PUT;15/01/2027;;;;;;;;
AAPL270115P00440000;12/04/2024;440;196,81;195,35;199,25;PUT;15/01/2027;;;;;;;;
AAPL270115P00450000;25/11/2024;450;217,75;205,35;209,25;PUT;15/01/2027;;;;;;;;